report_id,l1_cases,l2_cases,l4_cases,eviction_related_l1_l2_l4,total_applications,share_of_total,data_status
1999_2000,47121,6347,1016,54484,70181,0.7763354754,calculated
2000_2001,48646,7052,1288,56986,73931,0.7707997998,calculated
2001_2002,49590,8006,1482,59078,77104,0.7662118697,calculated
2002_2003,48816,6412,1775,57003,68118,0.8368272703,calculated
2003_2004,51207,5495,2311,59013,70004,0.8429946860,calculated
2004_2005,55877,5671,2648,64196,74867,0.8574672419,calculated
2005_2006,60446,5969,3268,69683,81000,0.8602839506,calculated
2006_2007,50683,5089,2683,58455,79701,0.7334286897,calculated
2007_2008,55719,6441,5374,67534,80552,0.8383901083,calculated
2008_2009,59053,6535,6510,72098,85840,0.8399114632,calculated
2009_2010,54109,5628,5301,65038,78072,0.8330515422,calculated
2010_2011,53182,6158,4805,64145,77393,0.8288217281,calculated
2011_2012,54847,6867,4905,66619,81084,0.8216047556,calculated
2012_2013,54777,7102,5549,67428,82192,0.8203718123,calculated
2013_2014,52832,7312,5955,66099,81748,0.8085702403,calculated
2014_2015,49991,7983,5632,63606,79740,0.7976674191,calculated
2015_2016,48940,8876,5559,63375,80214,0.7900740519,calculated
2016_2017,49489,9987,5478,64954,81432,0.7976471166,calculated
2017_2018,47595,11404,5552,64551,80791,0.7989875110,calculated
2018_2019,46043,13945,5571,65559,82095,0.7985748219,calculated
2019_2020,44621,15732,5156,65509,80874,0.8100131068,calculated
2020_2021,24481,11031,1551,37063,48422,0.7654165462,calculated
2021_2022,31240,13937,3545,48722,61705,0.7895956568,calculated
2022_2023,37690,15354,3366,56410,73406,0.7684657930,calculated
2023_2024,41386,16677,5535,63598,82285,0.7728990703,calculated
2024_2025,45435,15838,6613,67886,87993,0.7714931870,calculated
