report_id,app_code,description,metric_id,value,data_status
2014_2015,C1,End the Occupancy and Evict the Member for Non-payment of Regular Monthly Housing Charges and Collect Housing Charges Owed,cases,132,reported
2014_2015,C1,End the Occupancy and Evict the Member for Non-payment of Regular Monthly Housing Charges and Collect Housing Charges Owed,defaults,-,not_reported
2014_2015,C1,End the Occupancy and Evict the Member for Non-payment of Regular Monthly Housing Charges and Collect Housing Charges Owed,hearings,-,not_reported
2014_2015,C1/2,Combined C1 and C2 Applications,cases,32,reported
2014_2015,C1/2,Combined C1 and C2 Applications,defaults,-,not_reported
2014_2015,C1/2,Combined C1 and C2 Applications,hearings,-,not_reported
2014_2015,C2,End the Occupancy of the Member Unit and Evict the Member,cases,23,reported
2014_2015,C2,End the Occupancy of the Member Unit and Evict the Member,defaults,-,not_reported
2014_2015,C2,End the Occupancy of the Member Unit and Evict the Member,hearings,-,not_reported
2014_2015,C3,End the Occupancy and Evict the Member – Member's Consent or Notice,cases,7,reported
2014_2015,C3,End the Occupancy and Evict the Member – Member's Consent or Notice,defaults,-,not_reported
2014_2015,C3,End the Occupancy and Evict the Member – Member's Consent or Notice,hearings,-,not_reported
2014_2015,C4,End the Occupancy and Evict the Member – Member Failed to Meet Conditions of a Settlement or Order,cases,14,reported
2014_2015,C4,End the Occupancy and Evict the Member – Member Failed to Meet Conditions of a Settlement or Order,defaults,-,not_reported
2014_2015,C4,End the Occupancy and Evict the Member – Member Failed to Meet Conditions of a Settlement or Order,hearings,-,not_reported
2015_2016,C1,End the Occupancy and Evict the Member for Non-payment of Regular Monthly Housing Charges and Collect Housing Charges Owed,cases,252,reported
2015_2016,C1,End the Occupancy and Evict the Member for Non-payment of Regular Monthly Housing Charges and Collect Housing Charges Owed,defaults,-,not_reported
2015_2016,C1,End the Occupancy and Evict the Member for Non-payment of Regular Monthly Housing Charges and Collect Housing Charges Owed,hearings,-,not_reported
2015_2016,C1/2,Combined C1 and C2 Applications,cases,74,reported
2015_2016,C1/2,Combined C1 and C2 Applications,defaults,-,not_reported
2015_2016,C1/2,Combined C1 and C2 Applications,hearings,-,not_reported
2015_2016,C2,End the Occupancy of the Member Unit and Evict the Member,cases,73,reported
2015_2016,C2,End the Occupancy of the Member Unit and Evict the Member,defaults,-,not_reported
2015_2016,C2,End the Occupancy of the Member Unit and Evict the Member,hearings,-,not_reported
2015_2016,C3,End the Occupancy and Evict the Member – Member's Consent or Notice,cases,5,reported
2015_2016,C3,End the Occupancy and Evict the Member – Member's Consent or Notice,defaults,-,not_reported
2015_2016,C3,End the Occupancy and Evict the Member – Member's Consent or Notice,hearings,-,not_reported
2015_2016,C4,End the Occupancy and Evict the Member – Member Failed to Meet Conditions of a Settlement or Order,cases,68,reported
2015_2016,C4,End the Occupancy and Evict the Member – Member Failed to Meet Conditions of a Settlement or Order,defaults,-,not_reported
2015_2016,C4,End the Occupancy and Evict the Member – Member Failed to Meet Conditions of a Settlement or Order,hearings,-,not_reported
2016_2017,C1,End the Occupancy and Evict the Member for Non-payment of Regular Monthly Housing Charges and Collect Housing Charges Owed,cases,274,reported
2016_2017,C1,End the Occupancy and Evict the Member for Non-payment of Regular Monthly Housing Charges and Collect Housing Charges Owed,defaults,-,not_reported
2016_2017,C1,End the Occupancy and Evict the Member for Non-payment of Regular Monthly Housing Charges and Collect Housing Charges Owed,hearings,-,not_reported
2016_2017,C1/2,Combined C1 and C2 Applications,cases,102,reported
2016_2017,C1/2,Combined C1 and C2 Applications,defaults,-,not_reported
2016_2017,C1/2,Combined C1 and C2 Applications,hearings,-,not_reported
2016_2017,C2,End the Occupancy of the Member Unit and Evict the Member,cases,93,reported
2016_2017,C2,End the Occupancy of the Member Unit and Evict the Member,defaults,-,not_reported
2016_2017,C2,End the Occupancy of the Member Unit and Evict the Member,hearings,-,not_reported
2016_2017,C3,End the Occupancy and Evict the Member – Member's Consent or Notice,cases,3,reported
2016_2017,C3,End the Occupancy and Evict the Member – Member's Consent or Notice,defaults,-,not_reported
2016_2017,C3,End the Occupancy and Evict the Member – Member's Consent or Notice,hearings,-,not_reported
2016_2017,C4,End the Occupancy and Evict the Member – Member Failed to Meet Conditions of a Settlement or Order,cases,110,reported
2016_2017,C4,End the Occupancy and Evict the Member – Member Failed to Meet Conditions of a Settlement or Order,defaults,-,not_reported
2016_2017,C4,End the Occupancy and Evict the Member – Member Failed to Meet Conditions of a Settlement or Order,hearings,-,not_reported
2017_2018,C1,End the Occupancy and Evict the Member for Non-payment of Regular Monthly Housing Charges and Collect Housing Charges Owed,cases,247,reported
2017_2018,C1,End the Occupancy and Evict the Member for Non-payment of Regular Monthly Housing Charges and Collect Housing Charges Owed,defaults,-,not_reported
2017_2018,C1,End the Occupancy and Evict the Member for Non-payment of Regular Monthly Housing Charges and Collect Housing Charges Owed,hearings,-,not_reported
2017_2018,C1/2,Combined C1 and C2 Applications,cases,114,reported
2017_2018,C1/2,Combined C1 and C2 Applications,defaults,-,not_reported
2017_2018,C1/2,Combined C1 and C2 Applications,hearings,-,not_reported
2017_2018,C2,End the Occupancy of the Member Unit and Evict the Member,cases,86,reported
2017_2018,C2,End the Occupancy of the Member Unit and Evict the Member,defaults,-,not_reported
2017_2018,C2,End the Occupancy of the Member Unit and Evict the Member,hearings,-,not_reported
2017_2018,C3,End the Occupancy and Evict the Member – Member's Consent or Notice,cases,6,reported
2017_2018,C3,End the Occupancy and Evict the Member – Member's Consent or Notice,defaults,-,not_reported
2017_2018,C3,End the Occupancy and Evict the Member – Member's Consent or Notice,hearings,-,not_reported
2017_2018,C4,End the Occupancy and Evict the Member – Member Failed to Meet Conditions of a Settlement or Order,cases,89,reported
2017_2018,C4,End the Occupancy and Evict the Member – Member Failed to Meet Conditions of a Settlement or Order,defaults,-,not_reported
2017_2018,C4,End the Occupancy and Evict the Member – Member Failed to Meet Conditions of a Settlement or Order,hearings,-,not_reported
2018_2019,C1,End the Occupancy and Evict the Member for Non-payment of Regular Monthly Housing Charges and Collect Housing Charges Owed,cases,251,reported
2018_2019,C1,End the Occupancy and Evict the Member for Non-payment of Regular Monthly Housing Charges and Collect Housing Charges Owed,defaults,-,not_reported
2018_2019,C1,End the Occupancy and Evict the Member for Non-payment of Regular Monthly Housing Charges and Collect Housing Charges Owed,hearings,-,not_reported
2018_2019,C1/2,Combined C1 and C2 Applications,cases,118,reported
2018_2019,C1/2,Combined C1 and C2 Applications,defaults,-,not_reported
2018_2019,C1/2,Combined C1 and C2 Applications,hearings,-,not_reported
2018_2019,C2,End the Occupancy of the Member Unit and Evict the Member,cases,107,reported
2018_2019,C2,End the Occupancy of the Member Unit and Evict the Member,defaults,-,not_reported
2018_2019,C2,End the Occupancy of the Member Unit and Evict the Member,hearings,-,not_reported
2018_2019,C3,End the Occupancy and Evict the Member – Member's Consent or Notice,cases,6,reported
2018_2019,C3,End the Occupancy and Evict the Member – Member's Consent or Notice,defaults,-,not_reported
2018_2019,C3,End the Occupancy and Evict the Member – Member's Consent or Notice,hearings,-,not_reported
2018_2019,C4,End the Occupancy and Evict the Member – Member Failed to Meet Conditions of a Settlement or Order,cases,81,reported
2018_2019,C4,End the Occupancy and Evict the Member – Member Failed to Meet Conditions of a Settlement or Order,defaults,-,not_reported
2018_2019,C4,End the Occupancy and Evict the Member – Member Failed to Meet Conditions of a Settlement or Order,hearings,-,not_reported
2019_2020,C1,End the Occupancy and Evict the Member for Non-payment of Regular Monthly Housing Charges and Collect Housing Charges Owed,cases,217,reported
2019_2020,C1,End the Occupancy and Evict the Member for Non-payment of Regular Monthly Housing Charges and Collect Housing Charges Owed,defaults,-,not_reported
2019_2020,C1,End the Occupancy and Evict the Member for Non-payment of Regular Monthly Housing Charges and Collect Housing Charges Owed,hearings,-,not_reported
2019_2020,C1/2,Combined C1 and C2 Applications,cases,116,reported
2019_2020,C1/2,Combined C1 and C2 Applications,defaults,-,not_reported
2019_2020,C1/2,Combined C1 and C2 Applications,hearings,-,not_reported
2019_2020,C2,End the Occupancy of the Member Unit and Evict the Member,cases,141,reported
2019_2020,C2,End the Occupancy of the Member Unit and Evict the Member,defaults,-,not_reported
2019_2020,C2,End the Occupancy of the Member Unit and Evict the Member,hearings,-,not_reported
2019_2020,C3,End the Occupancy and Evict the Member – Member's Consent or Notice,cases,3,reported
2019_2020,C3,End the Occupancy and Evict the Member – Member's Consent or Notice,defaults,-,not_reported
2019_2020,C3,End the Occupancy and Evict the Member – Member's Consent or Notice,hearings,-,not_reported
2019_2020,C4,End the Occupancy and Evict the Member – Member Failed to Meet Conditions of a Settlement or Order,cases,91,reported
2019_2020,C4,End the Occupancy and Evict the Member – Member Failed to Meet Conditions of a Settlement or Order,defaults,-,not_reported
2019_2020,C4,End the Occupancy and Evict the Member – Member Failed to Meet Conditions of a Settlement or Order,hearings,-,not_reported
2020_2021,C1,End the Occupancy and Evict the Member for Non-payment of Regular Monthly Housing Charges and Collect Housing Charges Owed,cases,88,reported
2020_2021,C1,End the Occupancy and Evict the Member for Non-payment of Regular Monthly Housing Charges and Collect Housing Charges Owed,defaults,-,not_reported
2020_2021,C1,End the Occupancy and Evict the Member for Non-payment of Regular Monthly Housing Charges and Collect Housing Charges Owed,hearings,-,not_reported
2020_2021,C1/2,Combined C1 and C2 Applications,cases,32,reported
2020_2021,C1/2,Combined C1 and C2 Applications,defaults,-,not_reported
2020_2021,C1/2,Combined C1 and C2 Applications,hearings,-,not_reported
2020_2021,C2,End the Occupancy of the Member Unit and Evict the Member,cases,73,reported
2020_2021,C2,End the Occupancy of the Member Unit and Evict the Member,defaults,-,not_reported
2020_2021,C2,End the Occupancy of the Member Unit and Evict the Member,hearings,-,not_reported
2020_2021,C3,End the Occupancy and Evict the Member – Member's Consent or Notice,cases,3,reported
2020_2021,C3,End the Occupancy and Evict the Member – Member's Consent or Notice,defaults,-,not_reported
2020_2021,C3,End the Occupancy and Evict the Member – Member's Consent or Notice,hearings,-,not_reported
2020_2021,C4,End the Occupancy and Evict the Member – Member Failed to Meet Conditions of a Settlement or Order,cases,22,reported
2020_2021,C4,End the Occupancy and Evict the Member – Member Failed to Meet Conditions of a Settlement or Order,defaults,-,not_reported
2020_2021,C4,End the Occupancy and Evict the Member – Member Failed to Meet Conditions of a Settlement or Order,hearings,-,not_reported
2021_2022,C1,End the Occupancy and Evict the Member for Non-payment of Regular Monthly Housing Charges and Collect Housing Charges Owed,cases,124,reported
2021_2022,C1,End the Occupancy and Evict the Member for Non-payment of Regular Monthly Housing Charges and Collect Housing Charges Owed,defaults,-,not_reported
2021_2022,C1,End the Occupancy and Evict the Member for Non-payment of Regular Monthly Housing Charges and Collect Housing Charges Owed,hearings,-,not_reported
2021_2022,C1/2,Combined C1 and C2 Applications,cases,61,reported
2021_2022,C1/2,Combined C1 and C2 Applications,defaults,-,not_reported
2021_2022,C1/2,Combined C1 and C2 Applications,hearings,-,not_reported
2021_2022,C2,End the Occupancy of the Member Unit and Evict the Member,cases,67,reported
2021_2022,C2,End the Occupancy of the Member Unit and Evict the Member,defaults,-,not_reported
2021_2022,C2,End the Occupancy of the Member Unit and Evict the Member,hearings,-,not_reported
2021_2022,C3,End the Occupancy and Evict the Member – Member's Consent or Notice,cases,3,reported
2021_2022,C3,End the Occupancy and Evict the Member – Member's Consent or Notice,defaults,-,not_reported
2021_2022,C3,End the Occupancy and Evict the Member – Member's Consent or Notice,hearings,-,not_reported
2021_2022,C4,End the Occupancy and Evict the Member – Member Failed to Meet Conditions of a Settlement or Order,cases,45,reported
2021_2022,C4,End the Occupancy and Evict the Member – Member Failed to Meet Conditions of a Settlement or Order,defaults,-,not_reported
2021_2022,C4,End the Occupancy and Evict the Member – Member Failed to Meet Conditions of a Settlement or Order,hearings,-,not_reported
2022_2023,C1,End the Occupancy and Evict the Member for Non-payment of Regular Monthly Housing Charges and Collect Housing Charges Owed,cases,230,reported
2022_2023,C1,End the Occupancy and Evict the Member for Non-payment of Regular Monthly Housing Charges and Collect Housing Charges Owed,defaults,-,not_reported
2022_2023,C1,End the Occupancy and Evict the Member for Non-payment of Regular Monthly Housing Charges and Collect Housing Charges Owed,hearings,-,not_reported
2022_2023,C1/2,Combined C1 and C2 Applications,cases,98,reported
2022_2023,C1/2,Combined C1 and C2 Applications,defaults,-,not_reported
2022_2023,C1/2,Combined C1 and C2 Applications,hearings,-,not_reported
2022_2023,C2,End the Occupancy of the Member Unit and Evict the Member,cases,131,reported
2022_2023,C2,End the Occupancy of the Member Unit and Evict the Member,defaults,-,not_reported
2022_2023,C2,End the Occupancy of the Member Unit and Evict the Member,hearings,-,not_reported
2022_2023,C3,End the Occupancy and Evict the Member – Member's Consent or Notice,cases,1,reported
2022_2023,C3,End the Occupancy and Evict the Member – Member's Consent or Notice,defaults,-,not_reported
2022_2023,C3,End the Occupancy and Evict the Member – Member's Consent or Notice,hearings,-,not_reported
2022_2023,C4,End the Occupancy and Evict the Member – Member Failed to Meet Conditions of a Settlement or Order,cases,41,reported
2022_2023,C4,End the Occupancy and Evict the Member – Member Failed to Meet Conditions of a Settlement or Order,defaults,-,not_reported
2022_2023,C4,End the Occupancy and Evict the Member – Member Failed to Meet Conditions of a Settlement or Order,hearings,-,not_reported
2023_2024,C1,End the Occupancy and Evict the Member for Non-payment of Regular Monthly Housing Charges and Collect Housing Charges Owed,cases,202,reported
2023_2024,C1,End the Occupancy and Evict the Member for Non-payment of Regular Monthly Housing Charges and Collect Housing Charges Owed,defaults,-,not_reported
2023_2024,C1,End the Occupancy and Evict the Member for Non-payment of Regular Monthly Housing Charges and Collect Housing Charges Owed,hearings,-,not_reported
2023_2024,C1/2,Combined C1 and C2 Applications,cases,96,reported
2023_2024,C1/2,Combined C1 and C2 Applications,defaults,-,not_reported
2023_2024,C1/2,Combined C1 and C2 Applications,hearings,-,not_reported
2023_2024,C2,End the Occupancy of the Member Unit and Evict the Member,cases,94,reported
2023_2024,C2,End the Occupancy of the Member Unit and Evict the Member,defaults,-,not_reported
2023_2024,C2,End the Occupancy of the Member Unit and Evict the Member,hearings,-,not_reported
2023_2024,C3,End the Occupancy and Evict the Member – Member's Consent or Notice,cases,3,reported
2023_2024,C3,End the Occupancy and Evict the Member – Member's Consent or Notice,defaults,-,not_reported
2023_2024,C3,End the Occupancy and Evict the Member – Member's Consent or Notice,hearings,-,not_reported
2023_2024,C4,End the Occupancy and Evict the Member – Member Failed to Meet Conditions of a Settlement or Order,cases,18,reported
2023_2024,C4,End the Occupancy and Evict the Member – Member Failed to Meet Conditions of a Settlement or Order,defaults,-,not_reported
2023_2024,C4,End the Occupancy and Evict the Member – Member Failed to Meet Conditions of a Settlement or Order,hearings,-,not_reported
2024_2025,C1,End the Occupancy and Evict the Member for Non-payment of Regular Monthly Housing Charges and Collect Housing Charges Owed,cases,198,reported
2024_2025,C1,End the Occupancy and Evict the Member for Non-payment of Regular Monthly Housing Charges and Collect Housing Charges Owed,defaults,-,not_reported
2024_2025,C1,End the Occupancy and Evict the Member for Non-payment of Regular Monthly Housing Charges and Collect Housing Charges Owed,hearings,-,not_reported
2024_2025,C1/2,Combined C1 and C2 Applications,cases,134,reported
2024_2025,C1/2,Combined C1 and C2 Applications,defaults,-,not_reported
2024_2025,C1/2,Combined C1 and C2 Applications,hearings,-,not_reported
2024_2025,C2,End the Occupancy of the Member Unit and Evict the Member,cases,102,reported
2024_2025,C2,End the Occupancy of the Member Unit and Evict the Member,defaults,-,not_reported
2024_2025,C2,End the Occupancy of the Member Unit and Evict the Member,hearings,-,not_reported
2024_2025,C3,End the Occupancy and Evict the Member – Member's Consent or Notice,cases,5,reported
2024_2025,C3,End the Occupancy and Evict the Member – Member's Consent or Notice,defaults,-,not_reported
2024_2025,C3,End the Occupancy and Evict the Member – Member's Consent or Notice,hearings,-,not_reported
2024_2025,C4,End the Occupancy and Evict the Member – Member Failed to Meet Conditions of a Settlement or Order,cases,118,reported
2024_2025,C4,End the Occupancy and Evict the Member – Member Failed to Meet Conditions of a Settlement or Order,defaults,-,not_reported
2024_2025,C4,End the Occupancy and Evict the Member – Member Failed to Meet Conditions of a Settlement or Order,hearings,-,not_reported
