report_id,period_label,period_order,report_status,app_combo,app_type,avg_days,performance_standard,percent_in_standard,data_status
2015_2016_FY,2015-16 FY,2015.75,reported,L10,L10,,,,not_reported
2015_2016_FY,2015-16 FY,2015.75,reported,L2,L2,22.73815261044177,30.0,0.0344234079173838,reported
2015_2016_FY,2015-16 FY,2015.75,reported,L3,L3,25.24716553287982,30.0,0.0,reported
2015_2016_FY,2015-16 FY,2015.75,reported,L4,L4,30.640686274509804,30.0,0.0980392156862745,reported
2015_2016_FY,2015-16 FY,2015.75,reported,L5,L5,294.1494565217391,30.0,0.0,reported
2015_2016_FY,2015-16 FY,2015.75,reported,L6,L6,26.666666666666668,30.0,0.0,reported
2015_2016_FY,2015-16 FY,2015.75,reported,L7,L7,63.5,30.0,0.0,reported
2015_2016_FY,2015-16 FY,2015.75,reported,L8,L8,22.76923076923077,30.0,0.0,reported
2016_2017_Q1,2016-17 Q1,2016.0,reported,L10,L10,,,,not_reported
2016_2017_Q1,2016-17 Q1,2016.0,reported,L2,L2,27.819025522041763,30.0,0.0,reported
2016_2017_Q1,2016-17 Q1,2016.0,reported,L3,L3,29.323741007194243,30.0,0.0,reported
2016_2017_Q1,2016-17 Q1,2016.0,reported,L4,L4,32.9064039408867,30.0,0.1642036124794745,reported
2016_2017_Q1,2016-17 Q1,2016.0,reported,L5,L5,200.031746031746,30.0,0.0,reported
2016_2017_Q1,2016-17 Q1,2016.0,reported,L6,L6,,,,not_reported
2016_2017_Q1,2016-17 Q1,2016.0,reported,L7,L7,,,,not_reported
2016_2017_Q1,2016-17 Q1,2016.0,reported,L8,L8,29.33333333333333,30.0,0.0,reported
2016_2017_Q2,2016-17 Q2,2016.25,reported,L10,L10,,,,not_reported
2016_2017_Q2,2016-17 Q2,2016.25,reported,L2,L2,27.71264367816092,30.0,0.0,reported
2016_2017_Q2,2016-17 Q2,2016.25,reported,L3,L3,28.76608187134503,30.0,0.0,reported
2016_2017_Q2,2016-17 Q2,2016.25,reported,L4,L4,30.18536585365853,30.0,0.0,reported
2016_2017_Q2,2016-17 Q2,2016.25,reported,L5,L5,135.02,30.0,0.0,reported
2016_2017_Q2,2016-17 Q2,2016.25,reported,L6,L6,,,,not_reported
2016_2017_Q2,2016-17 Q2,2016.25,reported,L7,L7,,,,not_reported
2016_2017_Q2,2016-17 Q2,2016.25,reported,L8,L8,29.8,30.0,0.0,reported
2016_2017_Q3,2016-17 Q3,2016.5,reported,L10,L10,,,,not_reported
2016_2017_Q3,2016-17 Q3,2016.5,reported,L2,L2,26.90385467434648,30.0,0.0,reported
2016_2017_Q3,2016-17 Q3,2016.5,reported,L3,L3,26.309734513274336,30.0,0.0,reported
2016_2017_Q3,2016-17 Q3,2016.5,reported,L4,L4,29.27960526315789,30.0,0.0,reported
2016_2017_Q3,2016-17 Q3,2016.5,reported,L5,L5,116.47916666666669,30.0,0.0,reported
2016_2017_Q3,2016-17 Q3,2016.5,reported,L6,L6,17.0,30.0,0.0,reported
2016_2017_Q3,2016-17 Q3,2016.5,reported,L7,L7,,,,not_reported
2016_2017_Q3,2016-17 Q3,2016.5,reported,L8,L8,20.7,30.0,0.0,reported
2016_2017_Q4,2016-17 Q4,2016.75,missing_report,L10,L10,,,,missing_report
2016_2017_Q4,2016-17 Q4,2016.75,missing_report,L2,L2,,,,missing_report
2016_2017_Q4,2016-17 Q4,2016.75,missing_report,L3,L3,,,,missing_report
2016_2017_Q4,2016-17 Q4,2016.75,missing_report,L4,L4,,,,missing_report
2016_2017_Q4,2016-17 Q4,2016.75,missing_report,L5,L5,,,,missing_report
2016_2017_Q4,2016-17 Q4,2016.75,missing_report,L6,L6,,,,missing_report
2016_2017_Q4,2016-17 Q4,2016.75,missing_report,L7,L7,,,,missing_report
2016_2017_Q4,2016-17 Q4,2016.75,missing_report,L8,L8,,,,missing_report
2017_2018_Q1,2017-18 Q1,2017.0,reported,L10,L10,,,,not_reported
2017_2018_Q1,2017-18 Q1,2017.0,reported,L2,L2,25.42751925008369,30.0,57.28155339805825,reported
2017_2018_Q1,2017-18 Q1,2017.0,reported,L3,L3,24.672619047619047,30.0,62.5,reported
2017_2018_Q1,2017-18 Q1,2017.0,reported,L4,L4,26.06657223796034,30.0,52.8328611898017,reported
2017_2018_Q1,2017-18 Q1,2017.0,reported,L5,L5,116.0,30.0,0.0,reported
2017_2018_Q1,2017-18 Q1,2017.0,reported,L6,L6,21.666666666666668,30.0,66.66666666666666,reported
2017_2018_Q1,2017-18 Q1,2017.0,reported,L7,L7,,,,not_reported
2017_2018_Q1,2017-18 Q1,2017.0,reported,L8,L8,22.4,30.0,40.0,reported
2017_2018_Q2,2017-18 Q2,2017.25,reported,L10,L10,,,,not_reported
2017_2018_Q2,2017-18 Q2,2017.25,reported,L2,L2,28.129244629244628,30.0,43.93624393624393,reported
2017_2018_Q2,2017-18 Q2,2017.25,reported,L3,L3,27.1656050955414,30.0,48.40764331210191,reported
2017_2018_Q2,2017-18 Q2,2017.25,reported,L4,L4,26.7125,30.0,51.80555555555556,reported
2017_2018_Q2,2017-18 Q2,2017.25,reported,L5,L5,,,,not_reported
2017_2018_Q2,2017-18 Q2,2017.25,reported,L6,L6,28.0,30.0,50.0,reported
2017_2018_Q2,2017-18 Q2,2017.25,reported,L7,L7,,,,not_reported
2017_2018_Q2,2017-18 Q2,2017.25,reported,L8,L8,32.2,30.0,40.0,reported
2017_2018_Q3,2017-18 Q3,2017.5,reported,L10,L10,,,,not_reported
2017_2018_Q3,2017-18 Q3,2017.5,reported,L2,L2,29.162663755458517,30.0,43.5589519650655,reported
2017_2018_Q3,2017-18 Q3,2017.5,reported,L3,L3,27.78125,30.0,51.5625,reported
2017_2018_Q3,2017-18 Q3,2017.5,reported,L4,L4,26.536679536679536,30.0,55.5984555984556,reported
2017_2018_Q3,2017-18 Q3,2017.5,reported,L5,L5,87.5,30.0,0.0,reported
2017_2018_Q3,2017-18 Q3,2017.5,reported,L6,L6,,,,not_reported
2017_2018_Q3,2017-18 Q3,2017.5,reported,L7,L7,,,,not_reported
2017_2018_Q3,2017-18 Q3,2017.5,reported,L8,L8,24.5,30.0,50.0,reported
2017_2018_Q4,2017-18 Q4,2017.75,reported,L10,L10,,,,not_reported
2017_2018_Q4,2017-18 Q4,2017.75,reported,L2,L2,30.244459833795013,30.0,37.5,reported
2017_2018_Q4,2017-18 Q4,2017.75,reported,L3,L3,27.80314960629921,30.0,47.24409448818898,reported
2017_2018_Q4,2017-18 Q4,2017.75,reported,L4,L4,27.907780979827088,30.0,43.65994236311239,reported
2017_2018_Q4,2017-18 Q4,2017.75,reported,L5,L5,90.0,30.0,0.0,reported
2017_2018_Q4,2017-18 Q4,2017.75,reported,L6,L6,,,,not_reported
2017_2018_Q4,2017-18 Q4,2017.75,reported,L7,L7,44.0,30.0,0.0,reported
2017_2018_Q4,2017-18 Q4,2017.75,reported,L8,L8,31.857142857142858,30.0,14.285714285714285,reported
2018_2019_Q1,2018-19 Q1,2018.0,missing_report,L10,L10,,,,missing_report
2018_2019_Q1,2018-19 Q1,2018.0,missing_report,L2,L2,,,,missing_report
2018_2019_Q1,2018-19 Q1,2018.0,missing_report,L3,L3,,,,missing_report
2018_2019_Q1,2018-19 Q1,2018.0,missing_report,L4,L4,,,,missing_report
2018_2019_Q1,2018-19 Q1,2018.0,missing_report,L5,L5,,,,missing_report
2018_2019_Q1,2018-19 Q1,2018.0,missing_report,L6,L6,,,,missing_report
2018_2019_Q1,2018-19 Q1,2018.0,missing_report,L7,L7,,,,missing_report
2018_2019_Q1,2018-19 Q1,2018.0,missing_report,L8,L8,,,,missing_report
2018_2019_Q2,2018-19 Q2,2018.25,reported,L10,L10,,,,not_reported
2018_2019_Q2,2018-19 Q2,2018.25,reported,L2,L2,34.5459035444509,30.0,24.2300987797792,reported
2018_2019_Q2,2018-19 Q2,2018.25,reported,L3,L3,30.8125,30.0,37.5,reported
2018_2019_Q2,2018-19 Q2,2018.25,reported,L4,L4,30.41369472182596,30.0,37.803138373751786,reported
2018_2019_Q2,2018-19 Q2,2018.25,reported,L5,L5,,,,not_reported
2018_2019_Q2,2018-19 Q2,2018.25,reported,L6,L6,72.0,30.0,0.0,reported
2018_2019_Q2,2018-19 Q2,2018.25,reported,L7,L7,39.0,30.0,0.0,reported
2018_2019_Q2,2018-19 Q2,2018.25,reported,L8,L8,42.333333333333336,30.0,0.0,reported
2018_2019_Q3,2018-19 Q3,2018.5,reported,L10,L10,,,,not_reported
2018_2019_Q3,2018-19 Q3,2018.5,reported,L2,L2,38.02564858490566,30.0,17.83608490566038,reported
2018_2019_Q3,2018-19 Q3,2018.5,reported,L3,L3,33.33009708737864,30.0,29.126213592233007,reported
2018_2019_Q3,2018-19 Q3,2018.5,reported,L4,L4,32.082317073170735,30.0,36.28048780487805,reported
2018_2019_Q3,2018-19 Q3,2018.5,reported,L5,L5,62.0,30.0,0.0,reported
2018_2019_Q3,2018-19 Q3,2018.5,reported,L6,L6,,,,not_reported
2018_2019_Q3,2018-19 Q3,2018.5,reported,L7,L7,84.0,30.0,0.0,reported
2018_2019_Q3,2018-19 Q3,2018.5,reported,L8,L8,40.6,30.0,10.0,reported
2018_2019_Q4,2018-19 Q4,2018.75,reported,L10,L10,,,,not_reported
2018_2019_Q4,2018-19 Q4,2018.75,reported,L2,L2,38.207541654487,30.0,22.18649517684888,reported
2018_2019_Q4,2018-19 Q4,2018.75,reported,L3,L3,33.58015267175573,30.0,34.35114503816794,reported
2018_2019_Q4,2018-19 Q4,2018.75,reported,L4,L4,34.456724367509985,30.0,30.49267643142477,reported
2018_2019_Q4,2018-19 Q4,2018.75,reported,L5,L5,198.19753086419752,30.0,0.0,reported
2018_2019_Q4,2018-19 Q4,2018.75,reported,L6,L6,56.0,30.0,0.0,reported
2018_2019_Q4,2018-19 Q4,2018.75,reported,L7,L7,,,,not_reported
2018_2019_Q4,2018-19 Q4,2018.75,reported,L8,L8,42.63636363636363,30.0,9.090909090909092,reported
2019_2020_Q1,2019-20 Q1,2019.0,reported,L10,L10,,,,not_reported
2019_2020_Q1,2019-20 Q1,2019.0,reported,L2,L2,44.009438775510205,30.0,15.56122448979592,reported
2019_2020_Q1,2019-20 Q1,2019.0,reported,L3,L3,35.86577181208054,30.0,26.845637583892614,reported
2019_2020_Q1,2019-20 Q1,2019.0,reported,L4,L4,37.3419540229885,30.0,23.5632183908046,reported
2019_2020_Q1,2019-20 Q1,2019.0,reported,L5,L5,152.78947368421052,30.0,0.0,reported
2019_2020_Q1,2019-20 Q1,2019.0,reported,L6,L6,,,,not_reported
2019_2020_Q1,2019-20 Q1,2019.0,reported,L7,L7,,,,not_reported
2019_2020_Q1,2019-20 Q1,2019.0,reported,L8,L8,56.61538461538461,30.0,0.0,reported
2019_2020_Q2,2019-20 Q2,2019.25,reported,L10,L10,,,,not_reported
2019_2020_Q2,2019-20 Q2,2019.25,reported,L2,L2,43.8010622887494,30.0,13.544181554804444,reported
2019_2020_Q2,2019-20 Q2,2019.25,reported,L3,L3,37.708333333333336,30.0,22.395833333333336,reported
2019_2020_Q2,2019-20 Q2,2019.25,reported,L4,L4,39.26216216216216,30.0,14.864864864864863,reported
2019_2020_Q2,2019-20 Q2,2019.25,reported,L5,L5,310.22222222222223,30.0,0.0,reported
2019_2020_Q2,2019-20 Q2,2019.25,reported,L6,L6,,,,not_reported
2019_2020_Q2,2019-20 Q2,2019.25,reported,L7,L7,47.0,30.0,0.0,reported
2019_2020_Q2,2019-20 Q2,2019.25,reported,L8,L8,41.583333333333336,30.0,16.666666666666664,reported
2019_2020_Q3,2019-20 Q3,2019.5,reported,L10,L10,,,,not_reported
2019_2020_Q3,2019-20 Q3,2019.5,reported,L2,L2,67.59372549019608,30.0,6.875816993464053,reported
2019_2020_Q3,2019-20 Q3,2019.5,reported,L3,L3,44.16417910447761,30.0,17.16417910447761,reported
2019_2020_Q3,2019-20 Q3,2019.5,reported,L4,L4,53.74293785310734,30.0,9.463276836158192,reported
2019_2020_Q3,2019-20 Q3,2019.5,reported,L5,L5,123.0,30.0,0.0,reported
2019_2020_Q3,2019-20 Q3,2019.5,reported,L6,L6,,,,not_reported
2019_2020_Q3,2019-20 Q3,2019.5,reported,L7,L7,,,,not_reported
2019_2020_Q3,2019-20 Q3,2019.5,reported,L8,L8,69.125,30.0,0.0,reported
2019_2020_Q4,2019-20 Q4,2019.75,reported,L10,L10,,,,not_reported
2019_2020_Q4,2019-20 Q4,2019.75,reported,L2,L2,98.361641609102,30.0,2.6412027631044293,reported
2019_2020_Q4,2019-20 Q4,2019.75,reported,L3,L3,88.16,30.0,12.0,reported
2019_2020_Q4,2019-20 Q4,2019.75,reported,L4,L4,93.26638477801268,30.0,9.513742071881609,reported
2019_2020_Q4,2019-20 Q4,2019.75,reported,L5,L5,268.0,30.0,0.0,reported
2019_2020_Q4,2019-20 Q4,2019.75,reported,L6,L6,84.0,30.0,0.0,reported
2019_2020_Q4,2019-20 Q4,2019.75,reported,L7,L7,,,,not_reported
2019_2020_Q4,2019-20 Q4,2019.75,reported,L8,L8,81.2,30.0,0.0,reported
2020_2021_Q1,2020-21 Q1,2020.0,reported,L10,L10,,,,not_reported
2020_2021_Q1,2020-21 Q1,2020.0,reported,L2,L2,23.7,30.0,79.5,reported
2020_2021_Q1,2020-21 Q1,2020.0,reported,L3,L3,,,,not_reported
2020_2021_Q1,2020-21 Q1,2020.0,reported,L4,L4,19.3,30.0,100.0,reported
2020_2021_Q1,2020-21 Q1,2020.0,reported,L5,L5,,,,not_reported
2020_2021_Q1,2020-21 Q1,2020.0,reported,L6,L6,,,,not_reported
2020_2021_Q1,2020-21 Q1,2020.0,reported,L7,L7,,,,not_reported
2020_2021_Q1,2020-21 Q1,2020.0,reported,L8,L8,,,,not_reported
2020_2021_Q2,2020-21 Q2,2020.25,reported,L10,L10,,,,not_reported
2020_2021_Q2,2020-21 Q2,2020.25,reported,L2,L2,34.4,30.0,40.1,reported
2020_2021_Q2,2020-21 Q2,2020.25,reported,L3,L3,34.6,30.0,44.4,reported
2020_2021_Q2,2020-21 Q2,2020.25,reported,L4,L4,36.1,30.0,43.0,reported
2020_2021_Q2,2020-21 Q2,2020.25,reported,L5,L5,,,,not_reported
2020_2021_Q2,2020-21 Q2,2020.25,reported,L6,L6,,,,not_reported
2020_2021_Q2,2020-21 Q2,2020.25,reported,L7,L7,,,,not_reported
2020_2021_Q2,2020-21 Q2,2020.25,reported,L8,L8,,,,not_reported
2020_2021_Q3,2020-21 Q3,2020.5,reported,L10,L10,,,,not_reported
2020_2021_Q3,2020-21 Q3,2020.5,reported,L2,L2,30.7,30.0,61.5,reported
2020_2021_Q3,2020-21 Q3,2020.5,reported,L3,L3,40.7,30.0,25.6,reported
2020_2021_Q3,2020-21 Q3,2020.5,reported,L4,L4,35.8,30.0,42.0,reported
2020_2021_Q3,2020-21 Q3,2020.5,reported,L5,L5,,,,not_reported
2020_2021_Q3,2020-21 Q3,2020.5,reported,L6,L6,,,,not_reported
2020_2021_Q3,2020-21 Q3,2020.5,reported,L7,L7,,,,not_reported
2020_2021_Q3,2020-21 Q3,2020.5,reported,L8,L8,,,,not_reported
2020_2021_Q4,2020-21 Q4,2020.75,reported,L10,L10,,,,not_reported
2020_2021_Q4,2020-21 Q4,2020.75,reported,L2,L2,41.7,30.0,24.1,reported
2020_2021_Q4,2020-21 Q4,2020.75,reported,L3,L3,41.4,30.0,17.8,reported
2020_2021_Q4,2020-21 Q4,2020.75,reported,L4,L4,45.7,30.0,3.6,reported
2020_2021_Q4,2020-21 Q4,2020.75,reported,L5,L5,,,,not_reported
2020_2021_Q4,2020-21 Q4,2020.75,reported,L6,L6,,,,not_reported
2020_2021_Q4,2020-21 Q4,2020.75,reported,L7,L7,,,,not_reported
2020_2021_Q4,2020-21 Q4,2020.75,reported,L8,L8,49.0,30.0,0.0,reported
2021_2022_Q1,2021-22 Q1,2021.0,reported,L10,L10,,,,not_reported
2021_2022_Q1,2021-22 Q1,2021.0,reported,L2,L2,71.1,30.0,2.3,reported
2021_2022_Q1,2021-22 Q1,2021.0,reported,L3,L3,50.4,30.0,7.5,reported
2021_2022_Q1,2021-22 Q1,2021.0,reported,L4,L4,59.2,30.0,1.1,reported
2021_2022_Q1,2021-22 Q1,2021.0,reported,L5,L5,,,,not_reported
2021_2022_Q1,2021-22 Q1,2021.0,reported,L6,L6,,,,not_reported
2021_2022_Q1,2021-22 Q1,2021.0,reported,L7,L7,,,,not_reported
2021_2022_Q1,2021-22 Q1,2021.0,reported,L8,L8,98.5,30.0,0.0,reported
2021_2022_Q2,2021-22 Q2,2021.25,reported,L10,L10,,,,not_reported
2021_2022_Q2,2021-22 Q2,2021.25,reported,L2,L2,63.6,30.0,5.7,reported
2021_2022_Q2,2021-22 Q2,2021.25,reported,L3,L3,65.5,30.0,2.2,reported
2021_2022_Q2,2021-22 Q2,2021.25,reported,L4,L4,66.2,30.0,0.8,reported
2021_2022_Q2,2021-22 Q2,2021.25,reported,L5,L5,,,,not_reported
2021_2022_Q2,2021-22 Q2,2021.25,reported,L6,L6,,,,not_reported
2021_2022_Q2,2021-22 Q2,2021.25,reported,L7,L7,,,,not_reported
2021_2022_Q2,2021-22 Q2,2021.25,reported,L8,L8,102.5,30.0,0.0,reported
2021_2022_Q3,2021-22 Q3,2021.5,reported,L10,L10,,,,not_reported
2021_2022_Q3,2021-22 Q3,2021.5,reported,L2,L2,66.1,30.0,2.5,reported
2021_2022_Q3,2021-22 Q3,2021.5,reported,L3,L3,60.5,30.0,0.0,reported
2021_2022_Q3,2021-22 Q3,2021.5,reported,L4,L4,63.0,30.0,0.0,reported
2021_2022_Q3,2021-22 Q3,2021.5,reported,L5,L5,,,,not_reported
2021_2022_Q3,2021-22 Q3,2021.5,reported,L6,L6,,,,not_reported
2021_2022_Q3,2021-22 Q3,2021.5,reported,L7,L7,71.0,30.0,0.0,reported
2021_2022_Q3,2021-22 Q3,2021.5,reported,L8,L8,,,,not_reported
2021_2022_Q4,2021-22 Q4,2021.75,reported,L10,L10,,,,not_reported
2021_2022_Q4,2021-22 Q4,2021.75,reported,L2,L2,102.0,30.0,0.0,reported
2021_2022_Q4,2021-22 Q4,2021.75,reported,L3,L3,44.75206611570248,30.0,8.264462809917356,reported
2021_2022_Q4,2021-22 Q4,2021.75,reported,L4,L4,47.47413793103448,30.0,6.321839080459771,reported
2021_2022_Q4,2021-22 Q4,2021.75,reported,L5,L5,,,,not_reported
2021_2022_Q4,2021-22 Q4,2021.75,reported,L6,L6,,,,not_reported
2021_2022_Q4,2021-22 Q4,2021.75,reported,L7,L7,,,,not_reported
2021_2022_Q4,2021-22 Q4,2021.75,reported,L8,L8,,,,not_reported
2022_2023_Q1,2022-23 Q1,2022.0,reported,L10,L10,,,,not_reported
2022_2023_Q1,2022-23 Q1,2022.0,reported,L2,L2,,,,not_reported
2022_2023_Q1,2022-23 Q1,2022.0,reported,L3,L3,55.46222222222222,30.0,2.2222222222222223,reported
2022_2023_Q1,2022-23 Q1,2022.0,reported,L4,L4,60.97695852534562,30.0,0.6912442396313364,reported
2022_2023_Q1,2022-23 Q1,2022.0,reported,L5,L5,,,,not_reported
2022_2023_Q1,2022-23 Q1,2022.0,reported,L6,L6,,,,not_reported
2022_2023_Q1,2022-23 Q1,2022.0,reported,L7,L7,,,,not_reported
2022_2023_Q1,2022-23 Q1,2022.0,reported,L8,L8,,,,not_reported
2022_2023_Q2,2022-23 Q2,2022.25,reported,L10,L10,,,,not_reported
2022_2023_Q2,2022-23 Q2,2022.25,reported,L2,L2,,,,not_reported
2022_2023_Q2,2022-23 Q2,2022.25,reported,L3,L3,58.42666666666667,30.0,0.0,reported
2022_2023_Q2,2022-23 Q2,2022.25,reported,L4,L4,59.21824104234528,30.0,0.0,reported
2022_2023_Q2,2022-23 Q2,2022.25,reported,L5,L5,,,,not_reported
2022_2023_Q2,2022-23 Q2,2022.25,reported,L6,L6,,,,not_reported
2022_2023_Q2,2022-23 Q2,2022.25,reported,L7,L7,,,,not_reported
2022_2023_Q2,2022-23 Q2,2022.25,reported,L8,L8,,,,not_reported
2022_2023_Q3,2022-23 Q3,2022.5,reported,L10,L10,,,,not_reported
2022_2023_Q3,2022-23 Q3,2022.5,reported,L2,L2,75.3,30.0,0.6,reported
2022_2023_Q3,2022-23 Q3,2022.5,reported,L3,L3,43.1,30.0,7.8,reported
2022_2023_Q3,2022-23 Q3,2022.5,reported,L4,L4,74.7,30.0,0.0,reported
2022_2023_Q3,2022-23 Q3,2022.5,reported,L5,L5,89.0,30.0,0.0,reported
2022_2023_Q3,2022-23 Q3,2022.5,reported,L6,L6,,,,not_reported
2022_2023_Q3,2022-23 Q3,2022.5,reported,L7,L7,,,,not_reported
2022_2023_Q3,2022-23 Q3,2022.5,reported,L8,L8,,,,not_reported
2022_2023_Q4,2022-23 Q4,2022.75,reported,L10,L10,,,,not_reported
2022_2023_Q4,2022-23 Q4,2022.75,reported,L2,L2,84.26004728132388,30.0,0.0212765957446808,reported
2022_2023_Q4,2022-23 Q4,2022.75,reported,L3,L3,42.6,30.0,0.21,reported
2022_2023_Q4,2022-23 Q4,2022.75,reported,L4,L4,60.414330218068535,30.0,0.0,reported
2022_2023_Q4,2022-23 Q4,2022.75,reported,L5,L5,,,,not_reported
2022_2023_Q4,2022-23 Q4,2022.75,reported,L6,L6,,,,not_reported
2022_2023_Q4,2022-23 Q4,2022.75,reported,L7,L7,,,,not_reported
2022_2023_Q4,2022-23 Q4,2022.75,reported,L8,L8,,,,not_reported
2023_2024_Q1,2023-24 Q1,2023.0,reported,L10,L10,270.0,30.0,0.0,reported
2023_2024_Q1,2023-24 Q1,2023.0,reported,L2,L2,178.4264381884945,30.0,0.0041615667074663,reported
2023_2024_Q1,2023-24 Q1,2023.0,reported,L3,L3,67.51149425287356,30.0,0.0402298850574712,reported
2023_2024_Q1,2023-24 Q1,2023.0,reported,L4,L4,78.91965566714491,30.0,0.0,reported
2023_2024_Q1,2023-24 Q1,2023.0,reported,L5,L5,816.9302325581396,30.0,0.0,reported
2023_2024_Q1,2023-24 Q1,2023.0,reported,L6,L6,,,,not_reported
2023_2024_Q1,2023-24 Q1,2023.0,reported,L7,L7,,,,not_reported
2023_2024_Q1,2023-24 Q1,2023.0,reported,L8,L8,181.5,30.0,0.0,reported
2023_2024_Q2,2023-24 Q2,2023.25,reported,L10,L10,264.07042253521126,30.0,0.0,reported
2023_2024_Q2,2023-24 Q2,2023.25,reported,L2,L2,223.991926803014,30.0,0.0010764262648008,reported
2023_2024_Q2,2023-24 Q2,2023.25,reported,L3,L3,56.83950617283951,30.0,0.0,reported
2023_2024_Q2,2023-24 Q2,2023.25,reported,L4,L4,55.96691176470589,30.0,0.0,reported
2023_2024_Q2,2023-24 Q2,2023.25,reported,L5,L5,700.283105022831,30.0,0.0,reported
2023_2024_Q2,2023-24 Q2,2023.25,reported,L6,L6,,,,not_reported
2023_2024_Q2,2023-24 Q2,2023.25,reported,L7,L7,,,,not_reported
2023_2024_Q2,2023-24 Q2,2023.25,reported,L8,L8,,,,not_reported
2023_2024_Q3,2023-24 Q3,2023.5,reported,L10,L10,260.03921568627453,30.0,0.0,reported
2023_2024_Q3,2023-24 Q3,2023.5,reported,L2,L2,188.47980613893372,30.0,0.002,reported
2023_2024_Q3,2023-24 Q3,2023.5,reported,L3,L3,38.0,30.0,0.0,reported
2023_2024_Q3,2023-24 Q3,2023.5,reported,L4,L4,49.0,30.0,0.0,reported
2023_2024_Q3,2023-24 Q3,2023.5,reported,L5,L5,893.0,30.0,0.0,reported
2023_2024_Q3,2023-24 Q3,2023.5,reported,L6,L6,,,,not_reported
2023_2024_Q3,2023-24 Q3,2023.5,reported,L7,L7,,,,not_reported
2023_2024_Q3,2023-24 Q3,2023.5,reported,L8,L8,,,,not_reported
2023_2024_Q4,2023-24 Q4,2023.75,reported,L10,L10,262.6837606837607,30.0,0.0,reported
2023_2024_Q4,2023-24 Q4,2023.75,reported,L2,L2,193.18500948766604,30.0,0.001,reported
2023_2024_Q4,2023-24 Q4,2023.75,reported,L3,L3,103.0,30.0,0.5,reported
2023_2024_Q4,2023-24 Q4,2023.75,reported,L4,L4,56.4,30.0,0.091,reported
2023_2024_Q4,2023-24 Q4,2023.75,reported,L5,L5,,,,not_reported
2023_2024_Q4,2023-24 Q4,2023.75,reported,L6,L6,,,,not_reported
2023_2024_Q4,2023-24 Q4,2023.75,reported,L7,L7,,,,not_reported
2023_2024_Q4,2023-24 Q4,2023.75,reported,L8,L8,,,,not_reported
2024_2025_Q1,2024-25 Q1,2024.0,reported,L10,L10,266.65806451612906,30.0,0.0,reported
2024_2025_Q1,2024-25 Q1,2024.0,reported,L2,L2,158.55423810286814,30.0,0.002,reported
2024_2025_Q1,2024-25 Q1,2024.0,reported,L3,L3,79.0,30.0,0.0,reported
2024_2025_Q1,2024-25 Q1,2024.0,reported,L4,L4,48.18181818181818,30.0,0.091,reported
2024_2025_Q1,2024-25 Q1,2024.0,reported,L5,L5,,,,not_reported
2024_2025_Q1,2024-25 Q1,2024.0,reported,L6,L6,,,,not_reported
2024_2025_Q1,2024-25 Q1,2024.0,reported,L7,L7,,,,not_reported
2024_2025_Q1,2024-25 Q1,2024.0,reported,L8,L8,213.0169491525424,30.0,0.0,reported
2024_2025_Q2,2024-25 Q2,2024.25,reported,L10,L10,235.4808743169399,30.0,0.0,reported
2024_2025_Q2,2024-25 Q2,2024.25,reported,L2,L2,125.14567385757366,30.0,0.009,reported
2024_2025_Q2,2024-25 Q2,2024.25,reported,L3,L3,38.5,30.0,0.0,reported
2024_2025_Q2,2024-25 Q2,2024.25,reported,L4,L4,41.0,30.0,0.0,reported
2024_2025_Q2,2024-25 Q2,2024.25,reported,L5,L5,323.11764705882354,30.0,0.0,reported
2024_2025_Q2,2024-25 Q2,2024.25,reported,L6,L6,,,,not_reported
2024_2025_Q2,2024-25 Q2,2024.25,reported,L7,L7,110.0,30.0,0.0,reported
2024_2025_Q2,2024-25 Q2,2024.25,reported,L8,L8,115.2,30.0,0.0,reported
2024_2025_Q3,2024-25 Q3,2024.5,reported,L10,L10,233.62745098039213,30.0,0.0028011204481792,reported
2024_2025_Q3,2024-25 Q3,2024.5,reported,L2,L2,116.44130729065944,30.0,0.0090891510346161,reported
2024_2025_Q3,2024-25 Q3,2024.5,reported,L3,L3,47.5,30.0,0.0,reported
2024_2025_Q3,2024-25 Q3,2024.5,reported,L4,L4,61.55555555555556,30.0,0.2222222222222222,reported
2024_2025_Q3,2024-25 Q3,2024.5,reported,L5,L5,440.09090909090907,30.0,0.0,reported
2024_2025_Q3,2024-25 Q3,2024.5,reported,L6,L6,,,,not_reported
2024_2025_Q3,2024-25 Q3,2024.5,reported,L7,L7,,,,not_reported
2024_2025_Q3,2024-25 Q3,2024.5,reported,L8,L8,86.08,30.0,0.0,reported
2024_2025_Q4,2024-25 Q4,2024.75,reported,L10,L10,227.239247311828,30.0,0.0,reported
2024_2025_Q4,2024-25 Q4,2024.75,reported,L2,L2,99.70656525220176,30.0,0.012,reported
2024_2025_Q4,2024-25 Q4,2024.75,reported,L3,L3,41.5,30.0,0.25,reported
2024_2025_Q4,2024-25 Q4,2024.75,reported,L4,L4,53.54545454545455,30.0,0.0,reported
2024_2025_Q4,2024-25 Q4,2024.75,reported,L5,L5,547.1007751937984,30.0,0.0,reported
2024_2025_Q4,2024-25 Q4,2024.75,reported,L6,L6,,,,not_reported
2024_2025_Q4,2024-25 Q4,2024.75,reported,L7,L7,36.0,30.0,0.0,reported
2024_2025_Q4,2024-25 Q4,2024.75,reported,L8,L8,80.0909090909091,30.0,0.0,reported
2025_2026_Q1,2025-26 Q1,2025.0,reported,L10,L10,204.009900990099,30.0,0.0,reported
2025_2026_Q1,2025-26 Q1,2025.0,reported,L2,L2,85.76351173213816,30.0,0.0347826086956521,reported
2025_2026_Q1,2025-26 Q1,2025.0,reported,L3,L3,47.0,30.0,0.0,reported
2025_2026_Q1,2025-26 Q1,2025.0,reported,L4,L4,57.34782608695652,30.0,0.0869565217391304,reported
2025_2026_Q1,2025-26 Q1,2025.0,reported,L5,L5,616.210843373494,30.0,0.0,reported
2025_2026_Q1,2025-26 Q1,2025.0,reported,L6,L6,,,,not_reported
2025_2026_Q1,2025-26 Q1,2025.0,reported,L7,L7,,,,not_reported
2025_2026_Q1,2025-26 Q1,2025.0,reported,L8,L8,58.6,30.0,0.2,reported
2025_2026_Q2,2025-26 Q2,2025.25,reported,L10,L10,197.597609561753,30.0,0.0,reported
2025_2026_Q2,2025-26 Q2,2025.25,reported,L2,L2,82.60611653045083,30.0,0.0235,reported
2025_2026_Q2,2025-26 Q2,2025.25,reported,L3,L3,56.5,30.0,0.0,reported
2025_2026_Q2,2025-26 Q2,2025.25,reported,L4,L4,45.4375,30.0,0.125,reported
2025_2026_Q2,2025-26 Q2,2025.25,reported,L5,L5,438.7081967213115,30.0,0.0,reported
2025_2026_Q2,2025-26 Q2,2025.25,reported,L6,L6,99.0,30.0,0.0,reported
2025_2026_Q2,2025-26 Q2,2025.25,reported,L7,L7,,,,not_reported
2025_2026_Q2,2025-26 Q2,2025.25,reported,L8,L8,59.833333333333336,30.0,0.0,reported
2025_2026_Q3,2025-26 Q3,2025.5,reported,L10,L10,180.6520737327189,30.0,0.0,reported
2025_2026_Q3,2025-26 Q3,2025.5,reported,L2,L2,67.33276059564719,30.0,0.0438144329896907,reported
2025_2026_Q3,2025-26 Q3,2025.5,reported,L3,L3,91.0,30.0,0.0,reported
2025_2026_Q3,2025-26 Q3,2025.5,reported,L4,L4,39.55555555555556,30.0,0.2222222222222222,reported
2025_2026_Q3,2025-26 Q3,2025.5,reported,L5,L5,465.64619164619165,30.0,0.0,reported
2025_2026_Q3,2025-26 Q3,2025.5,reported,L6,L6,,,,not_reported
2025_2026_Q3,2025-26 Q3,2025.5,reported,L7,L7,,,,not_reported
2025_2026_Q3,2025-26 Q3,2025.5,reported,L8,L8,53.4,30.0,0.0,reported
2025_2026_Q4,2025-26 Q4,2025.75,reported,L10,L10,151.68525896414343,30.0,,reported
2025_2026_Q4,2025-26 Q4,2025.75,reported,L2,L2,59.27625802093887,30.0,0.1043566362715298,reported
2025_2026_Q4,2025-26 Q4,2025.75,reported,L3,L3,70.0,30.0,,reported
2025_2026_Q4,2025-26 Q4,2025.75,reported,L4,L4,46.785714285714285,30.0,0.1428571428571428,reported
2025_2026_Q4,2025-26 Q4,2025.75,reported,L5,L5,356.5210355987055,30.0,,reported
2025_2026_Q4,2025-26 Q4,2025.75,reported,L6,L6,,,,not_reported
2025_2026_Q4,2025-26 Q4,2025.75,reported,L7,L7,720.0,30.0,,reported
2025_2026_Q4,2025-26 Q4,2025.75,reported,L8,L8,75.28571428571429,30.0,,reported
